{
  "code":11416,
  "id":106,
  "name":"JR高山本線",
  "name_kana":"じぇいあーるたかやまほんせん",
  "station_size":45,
  "company_code":3,
  "closed":false,
  "symbol":"CG",
  "station_list":[
    {"code":1141601,"id":2401,"name":"岐阜","original_name":"岐阜","name_kana":"ぎふ","closed":false,"lat":35.409532,"lng":136.756514,"prefecture":21,"numbering":["CG00"],"lines":[11416,11502,11503],"attr":"heat","postal_code":"500-8856","address":"岐阜市橋本町１丁目","voronoi":{"type":"Feature","geometry":{"type":"Polygon","coordinates":[[[136.755604,35.395005],[136.760434,35.405586],[136.732418,35.467626],[136.731323,35.465844],[136.742562,35.389419],[136.744071,35.388846],[136.746064,35.388914],[136.755604,35.395005]]]},"properties":{}}},
    {"code":1141602,"id":2402,"name":"長森","original_name":"長森","name_kana":"ながもり","closed":false,"lat":35.402024,"lng":136.802981,"prefecture":21,"numbering":["CG01"],"lines":[11416],"attr":"cool","postal_code":"500-8233","address":"岐阜市蔵前２","voronoi":{"type":"Feature","geometry":{"type":"Polygon","coordinates":[[[136.816228,35.421217],[136.807923,35.401813],[136.799914,35.398633],[136.793557,35.425041],[136.793527,35.42645],[136.815232,35.498806],[136.818754,35.494819],[136.823246,35.489216],[136.822438,35.471557],[136.816228,35.421217]]]},"properties":{}}},
    {"code":1141603,"id":2403,"name":"那加","original_name":"那加","name_kana":"なか","closed":false,"lat":35.400538,"lng":136.835466,"prefecture":21,"numbering":["CG02"],"lines":[11416],"attr":"cool","postal_code":"504-0966","address":"各務原市那加本町","voronoi":{"type":"Feature","geometry":{"type":"Polygon","coordinates":[[[136.838243,35.476263],[136.823246,35.489216],[136.822438,35.471557],[136.826965,35.428351],[136.838728,35.385514],[136.838243,35.476263]]]},"properties":{}}},
    {"code":1141604,"id":2404,"name":"蘇原","original_name":"蘇原","name_kana":"そはら","closed":false,"lat":35.403167,"lng":136.871434,"prefecture":21,"numbering":["CG03"],"lines":[11416],"attr":"cool","postal_code":"504-0821","address":"各務原市蘇原瑞雲町１丁目","voronoi":{"type":"Feature","geometry":{"type":"Polygon","coordinates":[[[136.868372,35.393343],[136.882763,35.415567],[136.885643,35.432338],[136.885318,35.447294],[136.853376,35.464311],[136.853541,35.462561],[136.868372,35.393343]]]},"properties":{}}},
    {"code":1141605,"id":2405,"name":"各務ヶ原","original_name":"各務ヶ原","name_kana":"かがみがはら","closed":false,"lat":35.403812,"lng":136.901106,"prefecture":21,"numbering":["CG04"],"lines":[11416],"attr":"cool","postal_code":"509-0141","address":"岐阜県各務原市鵜沼各務原町一丁目243","voronoi":{"type":"Feature","geometry":{"type":"Polygon","coordinates":[[[136.894631,35.403784],[136.906642,35.402624],[136.908614,35.443465],[136.885318,35.447294],[136.885643,35.432338],[136.894631,35.403784]]]},"properties":{}}},
    {"code":1141606,"id":2406,"name":"鵜沼","original_name":"鵜沼","name_kana":"うぬま","closed":false,"lat":35.397897,"lng":136.945122,"prefecture":21,"numbering":["CG05"],"lines":[11416],"attr":"cool","postal_code":"509-0124","address":"各務原市鵜沼山崎町３丁目","voronoi":{"type":"Feature","geometry":{"type":"Polygon","coordinates":[[[136.944223,35.430836],[136.939252,35.40137],[136.948363,35.394666],[136.963606,35.398235],[136.96564,35.406947],[136.944223,35.430836]]]},"properties":{}}},
    {"code":1141607,"id":2407,"name":"坂祝","original_name":"坂祝","name_kana":"さかほぎ","closed":false,"lat":35.426359,"lng":136.976868,"prefecture":21,"numbering":["CG06"],"lines":[11416],"attr":"cool","postal_code":"505-0075","address":"加茂郡坂祝町取組","voronoi":{"type":"Feature","geometry":{"type":"Polygon","coordinates":[[[136.997496,35.421368],[136.98956,35.40901],[136.96564,35.406947],[136.944223,35.430836],[136.939234,35.439225],[136.953242,35.447793],[136.959535,35.448723],[136.984864,35.442719],[136.998803,35.427963],[136.997496,35.421368]]]},"properties":{}}},
    {"code":1141608,"id":2408,"name":"美濃太田","original_name":"美濃太田","name_kana":"みのおおた","closed":false,"lat":35.445617,"lng":137.019467,"prefecture":21,"numbering":["GG07"],"lines":[11416,11507,99525],"attr":"eco","postal_code":"505-0041","address":"美濃加茂市太田町立石","voronoi":{"type":"Feature","geometry":{"type":"Polygon","coordinates":[[[137.032851,35.45297],[137.032364,35.444461],[137.0226,35.431737],[137.006971,35.432304],[137.019347,35.485382],[137.032851,35.45297]]]},"properties":{}}},
    {"code":1141609,"id":2409,"name":"古井","original_name":"古井","name_kana":"こび","closed":false,"lat":35.457295,"lng":137.047497,"prefecture":21,"numbering":["CG08"],"lines":[11416],"attr":"heat","postal_code":"505-0021","address":"美濃加茂市森山町１丁目","voronoi":{"type":"Feature","geometry":{"type":"Polygon","coordinates":[[[137.018343,35.494582],[137.018211,35.492309],[137.019347,35.485382],[137.032851,35.45297],[137.068481,35.447045],[137.076507,35.460306],[137.018343,35.494582]]]},"properties":{}}},
    {"code":1141610,"id":2410,"name":"中川辺","original_name":"中川辺","name_kana":"なかかわべ","closed":false,"lat":35.487143,"lng":137.065086,"prefecture":21,"numbering":["CG09"],"lines":[11416],"attr":"heat","postal_code":"509-0304","address":"加茂郡川辺町中川辺","voronoi":{"type":"Feature","geometry":{"type":"Polygon","coordinates":[[[137.076507,35.460306],[137.093756,35.467409],[137.106406,35.477041],[137.014815,35.549678],[137.009538,35.543447],[137.014025,35.507762],[137.018343,35.494582],[137.076507,35.460306]]]},"properties":{}}},
    {"code":1141611,"id":2411,"name":"下麻生","original_name":"下麻生","name_kana":"しもあそう","closed":false,"lat":35.514973,"lng":137.087157,"prefecture":21,"numbering":["CG10"],"lines":[11416],"attr":"heat","postal_code":"509-0302","address":"加茂郡川辺町上川辺","voronoi":{"type":"Feature","geometry":{"type":"Polygon","coordinates":[[[137.042711,35.600098],[137.137479,35.486776],[137.122788,35.480705],[137.106406,35.477041],[137.014815,35.549678],[137.038132,35.594531],[137.042711,35.600098]]]},"properties":{}}},
    {"code":1141612,"id":2412,"name":"上麻生","original_name":"上麻生","name_kana":"かみあそう","closed":false,"lat":35.541293,"lng":137.11863,"prefecture":21,"numbering":["CG11"],"lines":[11416],"attr":"heat","postal_code":"509-0401","address":"加茂郡七宗町上麻生","voronoi":{"type":"Feature","geometry":{"type":"Polygon","coordinates":[[[137.117204,35.610889],[137.060969,35.63216],[137.056072,35.626195],[137.042711,35.600098],[137.137479,35.486776],[137.139805,35.486842],[137.191592,35.490972],[137.126344,35.604475],[137.117204,35.610889]]]},"properties":{}}},
    {"code":1141613,"id":2413,"name":"白川口","original_name":"白川口","name_kana":"しらかわぐち","closed":false,"lat":35.579345,"lng":137.184824,"prefecture":21,"numbering":["CG12"],"lines":[11416],"attr":"heat","postal_code":"509-1106","address":"加茂郡白川町坂ノ東下金","voronoi":{"type":"Feature","geometry":{"type":"Polygon","coordinates":[[[137.347939,35.609846],[137.348537,35.611433],[137.126344,35.604475],[137.191592,35.490972],[137.222432,35.479161],[137.278068,35.518906],[137.335756,35.587992],[137.347939,35.609846]]]},"properties":{}}},
    {"code":1141614,"id":2414,"name":"下油井","original_name":"下油井","name_kana":"しもゆい","closed":false,"lat":35.633214,"lng":137.183137,"prefecture":21,"numbering":["CG13"],"lines":[11416],"attr":"heat","postal_code":"509-1100","address":"加茂郡白川町下油井白山","voronoi":{"type":"Feature","geometry":{"type":"Polygon","coordinates":[[[137.117204,35.610889],[137.126344,35.604475],[137.348537,35.611433],[137.362548,35.635757],[137.364499,35.647262],[137.215768,35.675011],[137.117204,35.610889]]]},"properties":{}}},
    {"code":1141615,"id":2415,"name":"飛騨金山","original_name":"飛騨金山","name_kana":"ひだかなやま","closed":false,"lat":35.662118,"lng":137.164333,"prefecture":21,"numbering":["CG14"],"lines":[11416],"attr":"heat","postal_code":"509-1614","address":"下呂市金山町大船渡","voronoi":{"type":"Feature","geometry":{"type":"Polygon","coordinates":[[[137.117204,35.610889],[137.060969,35.63216],[137.062466,35.666401],[137.072077,35.746144],[137.075212,35.754672],[137.215768,35.675011],[137.117204,35.610889]]]},"properties":{}}},
    {"code":1141616,"id":2416,"name":"焼石","original_name":"焼石","name_kana":"やけいし","closed":false,"lat":35.725763,"lng":137.200404,"prefecture":21,"numbering":["CG15"],"lines":[11416],"attr":"heat","postal_code":"509-2133","address":"下呂市和佐","voronoi":{"type":"Feature","geometry":{"type":"Polygon","coordinates":[[[137.15085,35.799812],[137.102883,35.809462],[137.078836,35.811586],[137.075212,35.754672],[137.215768,35.675011],[137.364499,35.647262],[137.381998,35.685449],[137.15085,35.799812]]]},"properties":{}}},
    {"code":1141617,"id":2417,"name":"下呂","original_name":"下呂","name_kana":"げろ","closed":false,"lat":35.805345,"lng":137.239778,"prefecture":21,"numbering":["CG16"],"lines":[11416],"attr":"heat","postal_code":"509-2206","address":"下呂市幸田","voronoi":{"type":"Feature","geometry":{"type":"Polygon","coordinates":[[[137.464251,35.85236],[137.466571,35.824896],[137.450806,35.777664],[137.450326,35.776531],[137.420045,35.733403],[137.381998,35.685449],[137.15085,35.799812],[137.34884,35.866096],[137.464251,35.85236]]]},"properties":{}}},
    {"code":1141618,"id":2418,"name":"禅昌寺","original_name":"禅昌寺","name_kana":"ぜんしょうじ","closed":false,"lat":35.848937,"lng":137.225184,"prefecture":21,"numbering":["CG17"],"lines":[11416],"attr":"eco","postal_code":"509-2514","address":"下呂市萩原町中呂","voronoi":{"type":"Feature","geometry":{"type":"Polygon","coordinates":[[[137.268079,35.883755],[137.102883,35.809462],[137.15085,35.799812],[137.34884,35.866096],[137.310002,35.878265],[137.268079,35.883755]]]},"properties":{}}},
    {"code":1141619,"id":2419,"name":"飛騨萩原","original_name":"飛騨萩原","name_kana":"ひだはぎわら","closed":false,"lat":35.874766,"lng":137.213568,"prefecture":21,"numbering":["CG18"],"lines":[11416],"attr":"eco","postal_code":"509-2517","address":"下呂市萩原町萩原","voronoi":{"type":"Feature","geometry":{"type":"Polygon","coordinates":[[[137.102883,35.809462],[137.078836,35.811586],[137.069767,35.829754],[137.060242,35.85546],[137.232111,35.898515],[137.268079,35.883755],[137.102883,35.809462]]]},"properties":{}}},
    {"code":1141620,"id":2420,"name":"上呂","original_name":"上呂","name_kana":"じょうろ","closed":false,"lat":35.910717,"lng":137.204562,"prefecture":21,"numbering":["CG19"],"lines":[11416],"attr":"eco","postal_code":"509-2518","address":"下呂市萩原町上呂","voronoi":{"type":"Feature","geometry":{"type":"Polygon","coordinates":[[[137.024303,36.00833],[137.024513,36.048358],[137.16611,36.014062],[137.232111,35.898515],[137.060242,35.85546],[137.043462,35.888086],[137.032626,35.918966],[137.030315,35.928611],[137.030253,35.928921],[137.024303,36.00833]]]},"properties":{}}},
    {"code":1141621,"id":2421,"name":"飛騨宮田","original_name":"飛騨宮田","name_kana":"ひだみやだ","closed":false,"lat":35.928443,"lng":137.235595,"prefecture":21,"numbering":["CG20"],"lines":[11416],"attr":"eco","postal_code":"509-2511","address":"下呂市萩原町宮田","voronoi":{"type":"Feature","geometry":{"type":"Polygon","coordinates":[[[137.16929,36.013824],[137.16611,36.014062],[137.232111,35.898515],[137.268079,35.883755],[137.310002,35.878265],[137.16929,36.013824]]]},"properties":{}}},
    {"code":1141622,"id":2422,"name":"飛騨小坂","original_name":"飛騨小坂","name_kana":"ひだおさか","closed":false,"lat":35.950749,"lng":137.257084,"prefecture":21,"numbering":["CG21"],"lines":[11416],"attr":"eco","postal_code":"509-3106","address":"下呂市小坂町大島","voronoi":{"type":"Feature","geometry":{"type":"Polygon","coordinates":[[[137.310002,35.878265],[137.16929,36.013824],[137.194492,36.015563],[137.213687,36.01184],[137.46577,35.858551],[137.464251,35.85236],[137.34884,35.866096],[137.310002,35.878265]]]},"properties":{}}},
    {"code":1141623,"id":2423,"name":"渚(岐阜)","original_name":"渚","name_kana":"なぎさ","closed":false,"lat":36.001416,"lng":137.287894,"prefecture":21,"numbering":["CG22"],"lines":[11416],"attr":"eco","postal_code":"509-3213","address":"高山市久々野町渚","voronoi":{"type":"Feature","geometry":{"type":"Polygon","coordinates":[[[137.213687,36.01184],[137.46577,35.858551],[137.552885,36.082506],[137.5534,36.086092],[137.213687,36.01184]]]},"properties":{}}},
    {"code":1141624,"id":2424,"name":"久々野","original_name":"久々野","name_kana":"くぐの","closed":false,"lat":36.052273,"lng":137.276778,"prefecture":21,"numbering":["CG23"],"lines":[11416],"attr":"eco","postal_code":"509-3205","address":"高山市久々野町久々野","voronoi":{"type":"Feature","geometry":{"type":"Polygon","coordinates":[[[137.555668,36.09552],[137.5534,36.086092],[137.213687,36.01184],[137.194492,36.015563],[137.311325,36.110067],[137.535665,36.174794],[137.555668,36.09552]]]},"properties":{}}},
    {"code":1141625,"id":2425,"name":"飛騨一ノ宮","original_name":"飛騨一ノ宮","name_kana":"ひだいちのみや","closed":false,"lat":36.08836,"lng":137.247588,"prefecture":21,"numbering":["CG24"],"lines":[11416],"attr":"eco","postal_code":"509-3505","address":"高山市一之宮町","voronoi":{"type":"Feature","geometry":{"type":"Polygon","coordinates":[[[137.16929,36.013824],[137.194492,36.015563],[137.311325,36.110067],[137.128703,36.123053],[137.096778,36.114803],[137.08709,36.110071],[137.016235,36.068371],[137.019088,36.060847],[137.024513,36.048358],[137.16611,36.014062],[137.16929,36.013824]]]},"properties":{}}},
    {"code":1141626,"id":2426,"name":"高山","original_name":"高山","name_kana":"たかやま","closed":false,"lat":36.140574,"lng":137.251301,"prefecture":21,"numbering":["CG25"],"lines":[11416],"attr":"eco","postal_code":"506-0053","address":"高山市昭和町１丁目","voronoi":{"type":"Feature","geometry":{"type":"Polygon","coordinates":[[[137.311325,36.110067],[137.128703,36.123053],[137.186997,36.15236],[137.53352,36.199666],[137.535665,36.174794],[137.311325,36.110067]]]},"properties":{}}},
    {"code":1141627,"id":2427,"name":"上枝","original_name":"上枝","name_kana":"ほずえ","closed":false,"lat":36.18095,"lng":137.245789,"prefecture":21,"numbering":["CG26"],"lines":[11416],"attr":"eco","postal_code":"506-0041","address":"高山市下切町","voronoi":{"type":"Feature","geometry":{"type":"Polygon","coordinates":[[[137.442309,36.331675],[137.46347,36.323623],[137.532143,36.289577],[137.53352,36.199666],[137.186997,36.15236],[137.36517,36.329602],[137.442309,36.331675]]]},"properties":{}}},
    {"code":1141628,"id":2428,"name":"飛騨国府","original_name":"飛騨国府","name_kana":"ひだこくふ","closed":false,"lat":36.211001,"lng":137.215895,"prefecture":21,"numbering":["CG27"],"lines":[11416],"attr":"eco","postal_code":"509-4119","address":"高山市国府町広瀬町","voronoi":{"type":"Feature","geometry":{"type":"Polygon","coordinates":[[[137.36517,36.329602],[137.186997,36.15236],[137.128703,36.123053],[137.096778,36.114803],[137.102177,36.121344],[137.293122,36.315911],[137.363436,36.329749],[137.36517,36.329602]]]},"properties":{}}},
    {"code":1141629,"id":2429,"name":"飛騨古川","original_name":"飛騨古川","name_kana":"ひだふるかわ","closed":false,"lat":36.236727,"lng":137.189681,"prefecture":21,"numbering":["CG28"],"lines":[11416],"attr":"eco","postal_code":"509-4225","address":"飛騨市古川町金森町","voronoi":{"type":"Feature","geometry":{"type":"Polygon","coordinates":[[[137.102177,36.121344],[137.222574,36.312178],[137.293122,36.315911],[137.102177,36.121344]]]},"properties":{}}},
    {"code":1141630,"id":2430,"name":"杉崎","original_name":"杉崎","name_kana":"すぎさき","closed":false,"lat":36.250003,"lng":137.168638,"prefecture":21,"lines":[11416],"attr":"eco","postal_code":"509-4215","address":"飛騨市古川町杉崎","voronoi":{"type":"Feature","geometry":{"type":"Polygon","coordinates":[[[137.220735,36.312361],[137.177385,36.296969],[137.08709,36.110071],[137.096778,36.114803],[137.102177,36.121344],[137.222574,36.312178],[137.220735,36.312361]]]},"properties":{}}},
    {"code":1141631,"id":2431,"name":"飛騨細江","original_name":"飛騨細江","name_kana":"ひだほそえ","closed":false,"lat":36.260926,"lng":137.146029,"prefecture":21,"lines":[11416],"attr":"eco","postal_code":"509-4203","address":"飛騨市古川町大字袈裟丸","voronoi":{"type":"Feature","geometry":{"type":"Polygon","coordinates":[[[137.146484,36.294639],[136.95073,36.130957],[137.016235,36.068371],[137.08709,36.110071],[137.177385,36.296969],[137.146484,36.294639]]]},"properties":{}}},
    {"code":1141632,"id":2432,"name":"角川","original_name":"角川","name_kana":"つのがわ","closed":false,"lat":36.30016,"lng":137.113223,"prefecture":21,"lines":[11416],"attr":"eco","postal_code":"509-4302","address":"飛騨市河合町小無雁","voronoi":{"type":"Feature","geometry":{"type":"Polygon","coordinates":[[[136.95073,36.130957],[136.82278,36.228912],[136.825464,36.237552],[137.019043,36.422143],[137.146484,36.294639],[136.95073,36.130957]]]},"properties":{}}},
    {"code":1141633,"id":2433,"name":"坂上","original_name":"坂上","name_kana":"さかかみ","closed":false,"lat":36.327902,"lng":137.140979,"prefecture":21,"lines":[11416],"attr":"eco","postal_code":"509-4423","address":"飛騨市宮川町林","voronoi":{"type":"Feature","geometry":{"type":"Polygon","coordinates":[[[137.146484,36.294639],[137.019043,36.422143],[137.038396,36.446002],[137.220735,36.312361],[137.177385,36.296969],[137.146484,36.294639]]]},"properties":{}}},
    {"code":1141634,"id":2434,"name":"打保","original_name":"打保","name_kana":"うつぼ","closed":false,"lat":36.383737,"lng":137.181902,"prefecture":21,"lines":[11416],"attr":"eco","postal_code":"509-4545","address":"飛騨市宮川町打保","voronoi":{"type":"Feature","geometry":{"type":"Polygon","coordinates":[[[137.293122,36.315911],[137.222574,36.312178],[137.220735,36.312361],[137.038396,36.446002],[137.038838,36.446897],[137.319974,36.357478],[137.363436,36.329749],[137.293122,36.315911]]]},"properties":{}}},
    {"code":1141635,"id":2435,"name":"杉原","original_name":"杉原","name_kana":"すぎはら","closed":false,"lat":36.415806,"lng":137.192102,"prefecture":21,"lines":[11416],"attr":"eco","postal_code":"509-4542","address":"飛騨市宮川町杉原","voronoi":{"type":"Feature","geometry":{"type":"Polygon","coordinates":[[[137.160243,36.488748],[137.319974,36.357478],[137.038838,36.446897],[137.046261,36.467195],[137.139048,36.495585],[137.160243,36.488748]]]},"properties":{}}},
    {"code":1141636,"id":2436,"name":"猪谷","original_name":"猪谷","name_kana":"いのたに","closed":false,"lat":36.471625,"lng":137.237975,"prefecture":16,"lines":[11416],"attr":"heat","postal_code":"939-2187","address":"富山市猪谷８８７","voronoi":{"type":"Feature","geometry":{"type":"Polygon","coordinates":[[[137.363349,36.446271],[137.334244,36.484992],[137.303899,36.511791],[137.160243,36.488748],[137.319974,36.357478],[137.363436,36.329749],[137.36517,36.329602],[137.442309,36.331675],[137.411272,36.379072],[137.363349,36.446271]]]},"properties":{}}},
    {"code":1141637,"id":2437,"name":"楡原","original_name":"楡原","name_kana":"にれはら","closed":false,"lat":36.529323,"lng":137.22872,"prefecture":16,"lines":[11416],"attr":"heat","postal_code":"939-2184","address":"富山市楡原","voronoi":{"type":"Feature","geometry":{"type":"Polygon","coordinates":[[[137.160243,36.488748],[137.139048,36.495585],[137.147073,36.507265],[137.263309,36.568501],[137.284635,36.550748],[137.303899,36.511791],[137.160243,36.488748]]]},"properties":{}}},
    {"code":1141638,"id":2438,"name":"笹津","original_name":"笹津","name_kana":"ささづ","closed":false,"lat":36.562129,"lng":137.211437,"prefecture":16,"lines":[11416],"attr":"heat","postal_code":"939-2223","address":"富山市笹津","voronoi":{"type":"Feature","geometry":{"type":"Polygon","coordinates":[[[137.248343,36.585466],[137.26294,36.569155],[137.263309,36.568501],[137.147073,36.507265],[137.153469,36.523232],[137.214747,36.604426],[137.236025,36.595402],[137.248343,36.585466]]]},"properties":{}}},
    {"code":1141639,"id":2439,"name":"東八尾","original_name":"東八尾","name_kana":"ひがしやつお","closed":false,"lat":36.589645,"lng":137.174978,"prefecture":16,"lines":[11416],"attr":"cool","postal_code":"939-2314","address":"富山市八尾町城生","voronoi":{"type":"Feature","geometry":{"type":"Polygon","coordinates":[[[137.214747,36.604426],[137.153469,36.523232],[137.157901,36.616146],[137.169669,36.627274],[137.190949,36.631431],[137.191703,36.6309],[137.19719,36.626153],[137.207678,36.614731],[137.214747,36.604426]]]},"properties":{}}},
    {"code":1141640,"id":2440,"name":"越中八尾","original_name":"越中八尾","name_kana":"えっちゅうやつお","closed":false,"lat":36.591391,"lng":137.138379,"prefecture":16,"lines":[11416],"attr":"cool","postal_code":"939-2376","address":"富山市八尾町福島","voronoi":{"type":"Feature","geometry":{"type":"Polygon","coordinates":[[[137.037355,36.57839],[137.037064,36.577194],[137.033736,36.553338],[137.031627,36.52545],[137.031742,36.516728],[137.046261,36.467195],[137.139048,36.495585],[137.147073,36.507265],[137.153469,36.523232],[137.157901,36.616146],[137.0458,36.600652],[137.037355,36.57839]]]},"properties":{}}},
    {"code":1141641,"id":2441,"name":"千里(富山)","original_name":"千里","name_kana":"ちさと","closed":false,"lat":36.634678,"lng":137.132396,"prefecture":16,"lines":[11416],"attr":"eco","postal_code":"939-2622","address":"富山市婦中町千里","voronoi":{"type":"Feature","geometry":{"type":"Polygon","coordinates":[[[137.0458,36.600652],[137.050243,36.635857],[137.053862,36.646682],[137.056737,36.652159],[137.115266,36.679046],[137.169669,36.627274],[137.157901,36.616146],[137.0458,36.600652]]]},"properties":{}}},
    {"code":1141642,"id":2442,"name":"速星","original_name":"速星","name_kana":"はやほし","closed":false,"lat":36.664135,"lng":137.160428,"prefecture":16,"lines":[11416],"attr":"eco","postal_code":"939-2706","address":"富山市婦中町速星","voronoi":{"type":"Feature","geometry":{"type":"Polygon","coordinates":[[[137.115266,36.679046],[137.169669,36.627274],[137.190949,36.631431],[137.192074,36.651811],[137.191767,36.654708],[137.127535,36.693658],[137.115266,36.679046]]]},"properties":{}}},
    {"code":1141645,"id":2444,"name":"婦中鵜坂","original_name":"婦中鵜坂","name_kana":"ふちゅううさか","closed":false,"lat":36.678139,"lng":137.16892,"prefecture":16,"lines":[11416],"attr":"eco","postal_code":"939-2701","address":"富山市婦中町西本郷字西本郷１１６２ノ３","voronoi":{"type":"Feature","geometry":{"type":"Polygon","coordinates":[[[137.191767,36.654708],[137.127535,36.693658],[137.128084,36.694634],[137.15148,36.69696],[137.183089,36.684865],[137.19222,36.671598],[137.193404,36.668678],[137.193489,36.667177],[137.193499,36.666365],[137.191767,36.654708]]]},"properties":{}}},
    {"code":1141643,"id":2443,"name":"西富山","original_name":"西富山","name_kana":"にしとやま","closed":false,"lat":36.699331,"lng":137.177029,"prefecture":16,"lines":[11416],"attr":"eco","postal_code":"930-0874","address":"富山市寺町","voronoi":{"type":"Feature","geometry":{"type":"Polygon","coordinates":[[[137.183089,36.684865],[137.15148,36.69696],[137.184936,36.717799],[137.18353,36.686977],[137.183089,36.684865]]]},"properties":{}}},
    {"code":100911,"id":2066,"name":"富山","original_name":"富山","name_kana":"とやま","closed":false,"lat":36.701612,"lng":137.213252,"prefecture":16,"lines":[1009,11405,11416,99425],"attr":"eco","postal_code":"930-0001","address":"富山市明輪町","voronoi":{"type":"Feature","geometry":{"type":"Polygon","coordinates":[[[137.212651,36.702887],[137.213042,36.700913],[137.213471,36.700933],[137.214123,36.701627],[137.212651,36.702887]]]},"properties":{}}}
  ]
}